id,first_name,last_name,email,ip_address
1,Alwyn,Aplin,aaplin0@earthlink.net,77.123.197.237
2,Guinevere,Stealfox,,197.182.173.163
3,Sashenka,O'Fairy,sofairy2@patch.com,57.144.11.85
4,Alphonse,Prescote,aprescote3@free.fr,218.158.219.68
5,,Stimson,sstimson4@github.io,216.116.53.33
6,Darice,Abdon,dabdon5@vinaora.com,229.44.70.153
7,Dannye,Minichillo,,10.28.174.99
8,Trev,Fanton,tfanton7@baidu.com,196.36.106.137
9,Barbi,,bburford8@weebly.com,246.48.169.207
10,Gaylord,Cackett,gcackett9@dailymail.co.uk,219.124.141.97
11,Carny,Swetenham,cswetenhama@twitpic.com,
12,Ambros,Nannetti,,41.27.123.117
